FIPS,parish_name,Population,Median_Household_Income,Percent_less_18_yo,Percent_65_over,Percent_Black,Percent_American_Indian_Alaska_Native,Percent_Asian,Percent_Native_Hawaiian_Other_Pacific_Islander,Percent_Hispanic,Percent_Non_Hispanic_White,Percent_Not_Proficient_in_English,Life_Expectancy,Average_Daily_PM2_5,Weighted_RH_Ave,Weighted_IH_Ave,COVID19_Cases,COVID19_Deaths,Deaths_per_10000,Deaths_Black,Deaths_White,Deaths_Other,Cases_Black,Cases_White,Cases_Other,Black_Deaths_per_10000,White_Deaths_per_10000,Other_Deaths_per_10000,Age_Adjusted_Cancer_Incidence_Rate_cases_per_100k,Percent_Frequent_Physical_Distress,Percent_Frequent_Mental_Distress,Percent_Adults_with_Diabetes,Percent_Food_Insecure,Number_Drug_Overdose_Deaths,Drug_Overdose_Mortality_Rate,Percent_Uninsured,Average_Grade_Performance,Average_Grade_Performance_Asian,Average_Grade_Performance_Black,Average_Grade_Performance_Hispanic,Average_Grade_Performance_White,Average_Grade_Performance,Average_Grade_Performance_Asian,Average_Grade_Performance_Black,Average_Grade_Performance_Hispanic,Average_Grade_Performance_White,Percent_Enrolled_in_Free_or_Reduced_Lunch,Segregation_index_black_white,Segregation_Index_non_white_white,Percent_Female,Percent_Rural,Percent_Fair_or_Poor_Health,Average_Number_of_Physically_Unhealthy_Days,Average_Number_of_Mentally_Unhealthy_Days,Percent_Smokers,Percent_Adults_with_Obesity,Food_Environment_Index,Percent_Physically_Inactive,Percent_With_Access_to_Exercise_Opportunities,High_School_Graduation_Rate,Percent_some_college,Percent_Unemployed,Percent_Children_in_Poverty,Eightyth_Percentile_Income,twentyth_Percentile_Income,Income_Ratio,Percent_Single_Parent_Households,Percent_Severe_Housing_Problems,Cancer_Alley
22001,Acadia Parish,62190,40484,25.84659913,15.26129603,17.92571153,0.384306159,0.319987136,0.032159511,2.727126548,77.26804953,1.24554854,75.4,9.4,0.564066401,0.010697736,6333,191,30.71233317,40,147,3,1343,3267,1150,35.90986624,29.71437812,15.32175689,495.5,14.75431307,15.67534089,11.4,15.1,20,10.67093504,11,3.037877431,,2.633043908,3.031438734,3.186963459,3.020822017,,2.694260314,3.030337236,3.132442027,46.1561928,47.9413646,44.87723456,51.2,51.69896233,20.89003532,4.804191946,4.996099567,21.53408807,38.4,7.8,35.3,42.5250514,90.9,44,5.373246493,35.4,95846,16512,5.804626938,33.41538462,12.27102185,0
22003,Allen Parish,25605,44395,22.04256981,15.01269283,22.31595392,2.319859403,0.667838313,0.035149385,2.25346612,70.97051357,1.821433027,74.9,9.2,0.631587354,0.009805207,3107,91,35.53993361,19,70,2,664,1604,516,38.9503895,37.03115908,10.63829787,487.6,13.97128548,14.88201172,19.2,12.9,11,14.30243141,9,3.269036499,,2.972735835,,3.366116304,2.982317044,,2.549868188,,3.114297926,50.0695088,38.82998345,39.51041723,43.3,69.42244993,21.31215351,4.607418733,4.941984704,22.03898763,37,7.3,40.7,73.18739326,92.3,45,5.623861567,22.7,86633,17063,5.077243158,38.0159556,11.48477157,0
22005,Ascension Parish,124672,77758,26.7670367,11.81821099,23.23536961,0.466022844,1.406891684,0.085825205,5.743069815,68.14280673,1.09782657,78.7,10,0.679779738,0.019017918,11704,162,12.99409651,66,91,4,3042,7120,992,25.00189408,10.29458347,6.267627703,473.5,12.28177307,12.93342567,13.2,10.2,91,24.64742001,7,3.1189289,,2.654876635,2.740330696,3.390339327,2.947069708,,2.533000069,2.626598742,3.192701776,34.24830131,42.70645838,37.35698791,50.6,13.21643427,16.66091447,4.100894136,4.302130303,18.1554528,33.1,8.1,30.8,72.70624446,88.1,68,4.142650725,14.2,138775,28629,4.847357575,31.41947726,10.83241116,0
22007,Assumption Parish,22300,48120,21.48878924,18.02690583,29.38116592,0.757847534,0.430493274,0.067264574,3.143497758,65.44843049,0.884296751,77.6,9.3,0.572153494,0.012786491,2149,35,15.69506726,16,19,0,791,1248,97,23.50521522,12.30649653,0,490,14.22997282,15.26705394,16.3,14.7,13,19.25326935,10,2.759845736,,2.438771234,,3.011623025,2.72128688,,2.37805898,,3.014643837,69.58777746,50.79217958,45.61022981,51.5,44.99380898,21.59669348,4.746825567,5.006212054,21.03219722,42.1,6.7,34.1,35.36996712,89.7,38,6.665921038,28.7,99098,17223,5.75381757,45.88423793,9.913544669,0
22009,Avoyelles Parish,40462,37731,23.5900351,16.92946468,29.55612674,1.183826801,0.642578222,0.017300183,1.987049577,64.98195838,0.451609515,73.8,9.2,0.50132947,0.009174141,4027,122,30.15174732,42,80,0,1389,1946,473,35.68697425,29.48765205,0,443.7,15.67348346,16.29730591,13.1,17.4,22,17.95053811,10,2.575497897,,2.060242129,,2.929968878,2.510501687,,2.157409876,,2.769649058,58.19255372,33.08227584,30.19340826,49.6,63.78199796,24.49473427,5.151702069,5.331022532,22.94656752,44.7,6.6,35.8,24.35766406,79.3,42,5.720629531,36.9,88221,14227,6.200955929,44.41431105,13.58641359,0
22011,Beauregard Parish,37253,57005,24.61009852,15.75980458,12.01513972,1.234799882,0.657665155,0.118111293,3.817142244,80.21367407,0.25919562,74.4,9.4,0.65726698,0.010902579,3075,74,19.86417201,10,61,2,333,1898,458,21.83406114,20.01115376,11.72332943,473.7,14.25085225,14.90582922,14,12.3,,,10,2.861403245,,2.215691772,2.942338575,2.941253596,2.838382202,,2.096278327,2.891389068,2.917326735,52.45352537,54.43009795,42.73634751,49.3,66.49464296,19.8806091,4.733744265,5.001819322,20.72153813,36.1,7.2,27.5,15.4625007,94.7,53,5.315637464,18.7,102917,18536,5.552276651,32.14876945,11.59862648,0
22013,Bienville Parish,13308,34047,22.36248873,20.9272618,41.47129546,0.443342351,0.338142471,0,1.946197776,54.55365194,0.272840661,74.4,9.7,0.560710203,0.010786417,1637,81,60.86564472,41,39,0,716,547,261,69.68048946,52.35602094,0,502,15.67199515,16.44283473,23.9,18.8,,,9,2.793611722,,2.512744377,,3.10777426,2.667563501,,2.190646877,,3.12713731,63.64444444,40.9860367,41.29444995,52.1,79.83696788,23.67248002,5.008094591,5.238998882,21.61238746,45.3,6.1,25.8,21.41712534,89.6,43,5.837742504,36.3,77848,11874,6.556173151,53.1361716,10.97560976,1
22015,Bossier Parish,127185,56754,24.83704839,14.34131383,22.46098203,0.632150018,1.911388922,0.144671148,6.765734953,66.2365845,0.76714994,77.9,10.3,0.582613265,0.018283774,13415,290,22.80143099,78,206,5,3581,7853,1482,27.72741815,22.65030567,7.090187181,464.1,13.15980809,14.34224919,11.7,13.3,42,11.02721096,9,3.020336357,3.866379428,2.478697712,2.616377043,3.28990485,2.920893541,3.799557086,2.364423048,2.524474423,3.202658113,38.24404101,35.52105252,31.90030595,50.5,24.34197591,18.60148107,4.308725481,4.803746478,18.88651436,30.8,7.5,27,76.33848811,83.3,68,4.276292954,20.2,105991,23330,4.543120446,36.78201356,14.71424061,0
22017,Caddo Parish,242922,40467,23.68538049,17.12730835,49.39527914,0.502630474,1.275306477,0.062571525,2.883641663,44.55874725,0.49239343,74.9,10.3,0.57871072,0.020006073,25278,726,29.88613629,395,321,7,12686,9851,1842,32.52527914,27.86240658,5.978817902,476.6,15.21152834,16.12362734,13,19.7,89,12.05383867,9,2.674084406,3.911681304,2.4038788,2.647995134,3.245410825,2.559098964,3.972009354,2.298060113,2.643300725,3.078778813,52.64623263,60.43474992,57.62253007,52.7,14.43508819,22.87532921,4.89654426,5.211094368,21.92398045,39.9,5.8,30.8,85.18565002,73.8,57,5.488747638,35.6,90897,16180,5.617861558,53.42022852,17.25216678,0
22019,Calcasieu Parish,203112,50531,24.89562409,14.7982394,25.37220844,0.582929615,1.355902162,0.060557722,3.774272323,67.17131435,0.704970796,75.1,9.5,0.780037549,0.022998911,21664,401,19.742802,108,286,2,5244,12935,1780,21.65022853,20.34501156,2.056978299,486.8,13.31844657,14.31875993,11.3,13.6,81,13.36285259,9,2.857216776,3.269317032,2.526787306,2.899460752,3.046213953,2.812524216,3.3556698,2.428371332,2.972851823,3.033619997,45.73859512,64.84067714,59.32704602,51.1,20.50029051,19.3264506,4.358078138,4.551473312,20.24588838,35.4,7.3,29.8,74.74528968,84,58,3.817870729,21.1,104598,20545,5.091165734,39.76660139,12.94086797,0
22021,Caldwell Parish,9960,40842,23.14257028,17.76104418,15.81325301,0.401606426,0.391566265,0.030120482,3.182730924,79.15662651,1.694915254,73.5,9.2,0.529007391,0.008580187,1097,29,29.11646586,2,27,0,182,595,186,11.96888091,32.8827183,0,494.6,15.27493077,16.1154708,15.2,15.8,,,11,2.913890613,,,,,3.178254277,,,,,56.07537362,38.28275769,39.2817257,48.6,100,21.75242789,4.888008079,5.110631089,23.44471506,39.7,7.5,27.3,37.23845243,90.1,37,5.723993727,30.1,82557,12417,6.648707417,37.73747841,13.89270977,0
22023,Cameron Parish,6968,57299,22.11538462,16.48966705,3.989667049,0.789322618,0.301377727,0.057405281,4.262342136,89.43742824,2.723378213,82,9.1,0.705281697,0.012622525,580,6,8.610792193,,,,41,578,52,0,0,0,436.3,12.59045279,13.99342268,19.4,6.4,,,9,3.252307726,,,,,2.950657904,,,,,39.5280236,27.8775574,27.8775574,50.2,100,16.82358723,4.214990061,4.680755845,18.68357793,35.1,9,33.4,60.50592192,91.1,60,3.524771999,19.6,111119,26019,4.270686806,21.30257802,6.967984934,0
22025,Catahoula Parish,9608,35812,21.36761033,17.47502082,30.50582848,0.489175687,0.06244796,0.020815987,1.738134888,66.18442964,0.139739869,73.6,9,0.47578572,0.008513361,1095,38,39.55037469,6,32,0,275,501,123,18.69158879,48.75076173,0,554.9,14.88698559,15.81375281,12.9,17.1,,,11,2.916652294,,2.73374907,,3.035693942,2.886028845,,2.692966469,,3.051725548,54.29472025,50.24249437,50.10753712,47.1,100,22.4185963,4.79841305,5.043469385,22.54061383,37.1,6.6,39.7,16.1525896,87.8,37,6.802721088,37,99097,14121,7.017704129,42.54245067,11.52815013,0
22027,Claiborne Parish,15944,33659,18.08830908,19.10436528,51.60561967,0.539387858,0.457852484,0.025087807,1.524084295,44.79427998,0.371892738,75.9,9.6,0.543826915,0.00878916,1413,55,34.49573507,31,23,1,778,503,130,36.91794689,31.08948364,27.93296089,479.5,17.30506823,16.92058844,20.6,21.4,,,11,2.537535647,,2.489021518,,2.765628925,2.379281099,,2.218171471,,2.876781208,65.2453271,24.49089083,24.72547627,43.4,82.35533585,28.26747523,5.437801088,5.265822525,26.25988,37.9,6.1,34.9,39.25559756,90.2,37,5.243121647,41.1,61417,12098,5.076624235,52.5702536,19.46826758,0
22029,Concordia Parish,19572,35840,23.96280401,17.26445943,39.55139996,0.444512569,0.38830983,0.02043736,1.507255263,57.1632945,0.159872102,73,9,0.465878292,0.009713111,1836,60,30.65603924,28,32,0,665,942,125,34.0218712,27.63623802,0,467.6,17.1489644,17.3785343,16.5,22,,,10,2.626780453,,2.037004865,,3.136036142,2.495657971,,2.035739241,,2.930010412,65.22077922,42.77884973,41.95333364,49.3,33.45499952,26.03215211,5.395953083,5.363826026,24.56815675,34.5,5.3,38.7,30.94803573,83.3,38,7.029902243,38.7,71814,13654,5.259557639,49.92586317,13.91820581,0
22031,De Soto Parish,27436,44457,23.9502843,17.85245663,35.74136172,1.111678087,0.389998542,0.051027847,2.966904797,58.71482723,0.434782609,76.1,9.9,0.566085738,0.017816008,2739,77,28.06531564,43,33,0,1213,1177,268,44.20230263,20.16252215,0,524.7,15.69604134,16.18365304,17.2,18.1,,,10,2.810103907,,2.446479865,,3.132080668,2.568741574,,2.170323078,,2.92018133,38.84489086,48.90914525,45.01510079,51.8,77.26215486,23.00137157,5.107141219,5.223106164,22.02719112,38,6.5,32.6,43.81752701,93.8,46,5.746698903,24.5,98304,14734,6.671915298,47.87814489,12.86549708,0
22033,East Baton Rouge Parish,440956,52945,22.66144468,14.1800996,46.5320803,0.270321756,3.373806003,0.038099039,4.204274349,44.40375003,1.783591537,76.1,9,0.822223127,0.022704683,37871,776,17.5981277,388,368,18,16389,15490,3288,19.01625203,17.50413821,6.035812487,480.4,13.77897727,14.94312736,11.6,17.2,266,19.93612944,9,2.831147354,3.685070363,2.622744941,2.549249856,,2.671860796,3.983067604,2.476305612,2.412313839,,65.05973859,56.78248284,52.52080832,52.2,6.875964114,19.9904705,4.498049255,4.947129347,18.26994701,31.9,6.5,28.5,97.50028966,70.98819582,67,4.317403283,23.8,115031,20821,5.524758657,45.53616754,18.18936877,0
22035,East Carroll Parish,7037,27714,24.64118232,14.76481455,68.01193691,0.341054427,0.51158164,0,2.486855194,27.72488276,0.102219626,72.7,9.6,0.433166218,0.008103622,1122,24,34.10544266,,,,607,209,195,0,0,0,526.6,22.02086334,20.59838651,13.5,33.1,,,8,2.462463138,,,,,1.94411868,,,,,81.10236221,66.94369865,66.16059687,45.8,34.57919835,37.46227657,6.552512892,5.997267727,31.84808676,40,3.5,27.5,60.32993943,97.9,30,10.34658512,61.5,50603,8185,6.182406842,79.19762259,22.11350294,0
22037,East Feliciana Parish,19305,45174,18.27505828,17.72079772,42.48640249,0.497280497,0.331520332,0.015540016,1.667961668,53.77881378,0.425990833,73.5,9.3,0.587327563,0.011710093,3097,112,58.01605802,47,63,2,1556,1223,229,54.72752678,59.64779398,57.30659026,512.2,13.67640113,14.31256334,17,15.6,,,8,2.634715225,,2.559992297,,2.850973594,2.483052106,,2.356516824,,2.715631053,58.41170324,11.65193417,11.07885998,45.7,100,20.70147338,4.470182862,4.692298611,20.67579669,34.8,7.3,26.5,46.77554646,86.3,35,4.67032967,24.1,96907,17265,5.612916305,38.71882086,12.17008798,1
22039,Evangeline Parish,33443,34113,25.04859014,15.33056245,27.35101516,0.44254403,0.508327602,0.017940974,3.84235864,66.69258141,2.498245166,73.7,9.3,0.560090213,0.010089569,3477,91,27.21047753,30,59,2,994,1599,598,32.42191722,25.8874117,12.56281407,492.6,16.65449766,17.1912351,20.1,17.8,23,22.80388658,10,2.971617567,,2.64827361,,3.168935852,3.026089417,,2.819025325,,3.183088699,64.48566611,35.06765167,32.71480683,49.2,61.09345574,24.98864985,5.257915919,5.422748316,24.47897413,39.3,6.1,36.3,56.14701036,80.5,37,5.778956969,34.2,73190,14602,5.012327079,43.40607211,16.68070767,0
22041,Franklin Parish,20156,34446,25.57054971,17.88549315,31.51418932,0.307600714,0.406826751,0.059535622,1.701726533,65.11708672,0.185116624,73.9,9.3,0.470150542,0.008630469,2464,105,52.09366938,36,69,0,910,1045,195,53.62729033,51.79402492,0,498.9,16.31732941,16.74358104,14.7,20.1,,,12,2.460237151,,2.2819937,,2.640003871,2.716945368,,2.667871225,,2.772707609,56.9579288,51.83628037,52.15096399,51.6,74.18500506,25.06302442,5.243971126,5.295073546,23.51562547,38.3,6.4,36.5,38.00741561,76,37,7.126248119,41.7,78793,13637,5.777883699,49.75817373,13.43085106,0
22043,Grant Parish,22482,43502,21.10132551,15.21216974,15.22551374,1.169824749,0.51596833,0.048928031,5.217507339,76.54568099,1.404774334,75.5,9.5,0.600502617,0.009309061,2097,54,24.01921537,12,40,0,353,1274,209,32.1457273,22.79072418,0,449.5,13.9861674,14.6668508,20.5,14.6,,,9,2.745250554,,2.358237788,,2.82252644,2.831917303,,2.32534158,,2.932539488,65.3820598,79.4429798,72.31299115,44.1,85.59325833,22.48648471,4.599658298,4.800180455,22.53944226,47.4,7.3,41.4,69.50109821,84,36,5.897658283,24.4,81063,16635,4.873038774,38.15509161,10.63829787,0
22045,Iberia Parish,70941,42909,25.82709576,14.98146347,32.11260061,0.618824093,2.683920441,0.063432994,4.302166589,58.78969848,1.769557092,74.7,9.4,0.593561252,0.014681646,6712,152,21.42625562,47,104,1,2342,3291,638,20.38780202,23.41867639,1.912411551,482.8,14.81770354,15.34337375,13.3,17.1,40,18.48514257,10,2.997917575,3.140564373,2.728422664,2.638259684,3.266739946,3.061535156,3.352325052,2.757320702,2.90886155,3.326665524,63.88263733,47.1812137,40.94372186,51.1,28.13626434,22.76526933,4.850804951,5.050027141,21.2427822,41.3,6.8,28.8,62.98061169,81.3,41,5.8486679,39.3,94535,19021,4.970033121,48.3021483,14.34027115,0
22047,Iberville Parish,32721,47917,20.60756089,15.83386816,48.25952752,0.293389566,0.449252773,0.021392989,2.701628923,47.50160447,0.305918722,75.5,9.5,0.851857429,0.017307648,3741,97,29.64457076,61,35,1,1791,1629,267,38.28051459,21.54111275,12.93661061,539.8,14.25280554,14.89470575,15.2,17.4,18,18.24299672,9,2.748795254,,2.579211005,,3.116033147,2.900871129,,2.770369752,,3.190570033,50.28957529,22.51902359,21.63563073,49.4,59.21466439,21.56592166,4.583296243,4.763112132,20.99325181,38.1,7.1,21,48.51588942,86.2,45,6.187455955,32.7,100853,19737,5.109844455,54.83359746,15.54659498,1
22049,Jackson Parish,15902,40828,21.94692492,19.90944535,28.4240976,0.364733996,0.396176582,0.012577034,1.75449629,67.46950069,0.707185269,76.3,9.5,0.577895725,0.010115832,1871,50,31.44258584,22,27,1,401,732,577,46.11192622,24.76836987,39.37007874,457.8,15.25203739,15.86685313,13.4,16.8,,,10,2.589839164,,2.032554593,,2.856336458,2.635531559,,1.963056807,,2.912343564,65.22899066,42.20091634,41.04742624,48.7,65.53398058,22.27371978,4.935987805,5.080046066,21.81700724,34.2,6.5,29,23.02445619,80.7,35,4.60593654,31.5,87489,13688,6.391656926,48.04709937,15.2892562,0
22051,Jefferson Parish,434051,50871,21.99234652,17.12471576,26.81873789,0.637252305,4.208722017,0.064278161,14.85977454,52.3493783,4.749627382,77.3,8,0.534266753,0.02461944,"45,279",883,2.07348906,317,532,32,10597,25147,7342,27.18206841,19.45902449,7.066513559,483.9,13.53949771,13.83547521,14.2,12.7,480,36.65213308,12,2.774898765,3.653692998,2.592503289,2.626436467,3.068238924,2.703798956,3.635894381,2.419206848,2.641653727,3.076422048,54.45264899,52.46763572,44.89797694,51.6,1.142521593,20.21275946,4.509025988,4.598196356,18.74366959,33.4,7.9,26.8,97.75264015,71.8,59,4.372651862,25.7,106739,21911,4.871480079,43.22329689,17.85566523,1
22053,Jefferson Davis Parish,31582,44492,25.70134887,16.33525426,16.420746,0.766259262,0.452789564,0.025330885,2.472927617,77.96213033,0.14689806,73.9,9,0.537124255,0.00958186,"3,098",90,279.5896397,16,72,2,599,2055,328,30.68072867,28.63961814,17.98561151,486.2,14.17662071,15.62915563,11.5,13.9,20,21.17029384,10,2.864916064,,2.508033303,,3.000562929,2.868481245,,2.492005147,,2.949261626,45.32434709,29.80770751,29.08363458,51,50.69949991,19.51182756,4.608269208,5.140913718,21.03167682,40.8,7.8,33.2,44.68253466,92.5,46,4.715025907,23.8,99558,16283,6.114229565,37.69000748,15.9671138,0
22055,Lafayette Parish,242782,57821,23.62201481,13.20814558,26.36851167,0.37729321,1.935481214,0.056017332,4.644907777,65.35039665,1.791556457,78.5,9.4,0.555403667,0.018783907,22524,271,27.62064924,90,177,4,6469,11370,2810,14.48365761,10.5768254,3.771805752,485.9,13.49591264,14.47055027,10,14,126,17.33948931,10,2.939350053,3.558370195,2.514681467,2.731626303,3.317662656,2.908488581,3.933534963,2.489020076,2.607425096,3.288926686,45.103226,46.14042554,41.90592336,51.3,8.318515376,17.35125758,4.383010068,4.847391436,17.79862664,31.2,7.5,25.8,86.44721046,76.8,62,4.475149333,20.4,115965,21221,5.464634089,38.88722123,14.39130922,0
22057,Lafourche Parish,98115,52651,23.23090251,15.45940988,13.3720634,3.016867961,0.936655965,0.072364063,4.379554604,76.78234725,1.496859317,77.3,9.3,0.585720115,0.013307053,9404,201,134.7455923,42,159,0,1486,6782,1011,32.14941825,20.55564893,0,491.2,13.29202865,14.180348,13.4,11.9,54,18.31464561,12,3.037244751,,2.66412009,2.74376026,3.211564226,2.776257678,,2.313136451,2.431013742,2.990054548,62.32862697,54.77630734,35.95673004,51,24.21665732,18.36400413,4.37735738,4.644860999,19.22475825,39.6,7.7,32,60.42484271,94,45,4.737421083,22.8,106011,20808,5.094723183,36.22694292,11.69354839,0
22059,La Salle Parish,14917,45742,22.92015821,16.92029228,11.97291681,1.32734464,0.294965476,0.033518804,2.949654756,82.6037407,0.793707544,75.4,9.1,0.538361108,0.009870621,1464,36,1.482811741,6,30,0,166,889,309,32.34501348,23.73605507,0,470.6,14.97737347,15.84844429,18,14.4,,,12,2.899720662,,2.264692502,,2.970678019,2.919722769,,2.483513735,,2.972003308,51.01886793,52.95379967,47.09147942,48.2,73.19006044,21.66421263,4.840557462,5.042820193,22.66483009,34.4,7.5,31.8,57.01813298,96.1,42,4.388615042,24.2,89085,15153,5.879033855,38.74133949,10.2443609,0
22061,Lincoln Parish,47196,36525,20.02712094,13.55199593,40.29578778,0.485210611,1.616662429,0.103822358,3.210017798,53.37316722,0.771248571,77.8,9.6,0.579601546,0.011790772,4365,91,19.28129503,45,46,0,1518,1992,591,23.26422995,18.02225357,0,408.1,16.24730142,16.51451945,10.1,21,,,10,2.921897554,,2.527741472,2.135053555,3.490892291,2.754750787,,2.357747484,2.419125209,3.266789204,37.07899571,53.06558323,47.01112416,51.4,40.6782925,23.17574085,4.987245815,5.11906317,20.97949762,35.8,5.2,30.7,47.39488606,95.7,64,5.222339498,29.9,85556,13165,6.498746677,43.74867332,19.30592009,0
22063,Livingston Parish,139567,63088,25.58986007,13.19939527,6.546676507,0.475040662,0.67494465,0.052304628,3.844031899,87.40748171,0.733538174,76.5,9.7,0.653497652,0.015487276,12995,202,14.47333539,19,183,0,1341,10116,1122,22.8283071,14.55453577,0,470.3,12.73664467,13.96250781,10.4,9.3,158,37.80510273,9,3.236296625,3.67582054,2.842315677,2.964977355,3.290245498,3.069916227,3.310140601,2.687015848,3.025034553,3.10390452,21.05409374,31.70045183,21.63328549,50.7,41.11664818,18.2048654,4.253738619,4.747987085,21.60431621,36.5,8.5,31,78.47312265,86.6,56,4.050591908,15,120396,26402,4.560109083,30.58573783,11.44434031,0
22065,Madison Parish,11161,28452,23.7344324,14.38939163,62.44064152,0.340471284,0.27775289,0,2.159304722,33.76041573,0.244292023,72.4,9.6,0.53099054,0.010209514,1561,37,33.15115133,15,22,0,872,347,233,20.5451308,54.00098184,0,460.7,19.23141384,18.68091547,19.2,26.3,,,9,2.432576145,,,,,2.116349613,,,,,88.18807339,60.70819242,60.2972149,50.4,22.44273547,31.10476267,5.924198147,5.672641926,27.63817016,41.2,5.3,38.6,85.18977921,40.4,34,8.298869589,56.3,63180,10982,5.753050446,66.09237537,18.25980392,0
22067,Morehouse Parish,25398,34023,24.15938263,18.75344515,47.73997953,0.228364438,0.539412552,0.066934404,1.374123947,48.96448539,0.078376372,71.9,9.8,0.517041169,0.009110946,2766,73,28.74242066,35,36,1,1390,1030,209,27.3587118,28.00031111,29.23976608,547.6,17.35900696,17.31238842,13.8,21.7,16,20.74957852,9,2.232859614,,1.934184151,,2.805410089,2.226425168,,1.930915247,,2.846227199,91.30998703,54.2779197,53.81505214,51.9,50.03752815,28.33177165,5.562705703,5.422271122,22.6412886,43.2,5.3,33,73.90900318,69.2,42,8.172275091,41.1,69667,12803,5.441459033,47.775815,14.98783455,0
22069,Natchitoches Parish,38659,36298,23.44344137,16.59380739,40.98140149,1.091595747,0.644093225,0.041387517,2.447036913,52.87772576,0.280027454,74.7,9.6,0.585890259,0.009804381,3986,85,21.98711814,38,46,0,1648,1889,300,24.08874802,22.01378254,0,481.5,16.83260715,17.52536443,15.7,22.3,,,10,2.605581513,,2.285789427,,3.117280656,2.549224835,,2.186909596,,3.104731011,58.74136608,47.13596076,44.47061864,51.9,50.05054845,26.00375773,5.258963982,5.403354953,23.70099409,36.4,5.3,28.3,69.05171107,79.5,56,5.814727416,33.4,69114,10239,6.750073249,51.07758621,18.20076415,0
22071,Orleans Parish,391006,38855,19.97053754,14.77215183,59.11597265,0.338102229,2.933970323,0.055242119,5.617049355,30.75144627,1.543945262,76.9,9,0.559697834,0.027686297,29458,785,20.07641826,569,202,14,14687,10537,2993,24.4427357,15.25414769,5.729251923,447.4,14.46690414,15.65301515,10.6,21.8,463,39.37767958,10,2.651659473,3.048314201,2.541956557,2.550134961,3.72723995,2.475784355,3.140622433,2.374976411,2.388370814,3.403590862,63.5929707,65.91761215,63.80397298,52.7,0.591863979,21.19276632,4.530522204,4.850320381,22.60962413,29.6,5.8,23.9,94.07118073,72.8,70,5.006569935,33.6,97429,13143,7.412995511,60.74594886,25.79676451,1
22073,Ouachita Parish,154475,44371,24.87586988,14.79009549,37.31542321,0.307493122,1.047418676,0.046609484,2.228192264,58.02557048,0.261906403,74.9,9.5,0.593518356,0.014306983,17968,440,28.48357339,158,277,4,6740,6689,3375,27.0053156,29.71337853,9.208103131,494,15.64609176,15.87915962,14.1,18.6,82,17.5464124,8,2.939782573,3.441036432,2.560787064,2.553335542,3.347597051,2.803787739,3.152575663,2.483993059,2.545720775,3.146063317,60.41452248,68.48449269,66.03683112,52.1,24.19138694,23.09344831,5.081688117,4.96205821,21.43165679,40.1,6,31.4,78.33788707,83.26271574,55,5.202944688,30.3,95474,15763,6.056841972,48.27224327,15.56980933,0
22075,Plaquemines Parish,23410,58643,25.87782999,13.42588637,20.72191371,1.819735156,4.378470739,0.200768902,7.821443827,62.99017514,1.969989874,78.2,8.9,0.424033097,0.01547847,2468,26,11.1063648,8,15,3,525,1506,320,16.71541997,9.451200302,11.04565538,461.3,13.51740905,14.29941063,16.5,13.5,17,24.20893737,12,3.40007023,3.597712587,2.760145755,3.490840945,3.652919901,3.437120539,3.835060531,2.870182668,3.170319417,3.732847872,60.28736779,55.17329728,44.79265614,49.6,19.53823453,19.17469658,4.494417728,4.810954175,19.50308214,37.5,7.1,26.9,44.98307439,90.8,60,4.623698959,20.3,112368,18859,5.958322286,39.49925877,13.82301909,1
22077,Pointe Coupee Parish,21940,46603,21.84594348,20.5834093,35.32816773,0.291704649,0.32816773,0.004557885,2.880583409,60.26891522,0.556434979,75.7,9.3,0.565571703,0.011686769,2504,72,32.81677302,25,47,0,914,1279,242,31.7500635,34.80450237,0,473.3,13.5952057,14.67981019,11.2,15.2,12,18.08127533,10,2.535652608,,2.343115339,,2.863723226,2.443036389,,2.178191204,,2.888121562,55.00848896,49.52410953,47.20540326,51.9,57.81071836,19.91937283,4.48148312,4.883678268,19.59360247,31.2,7.3,26.4,33.83036576,69.8,42,5.360536054,27.7,95733,15288,6.261970173,50.91061336,13.35227273,0
22079,Rapides Parish,130562,48116,24.70090838,16.3715323,31.74277355,0.899189657,1.408526217,0.045955178,3.194650817,61.11808949,0.805971367,74.4,9.3,0.602885251,0.012201245,11704,307,23.51373294,112,190,5,4173,5548,1295,26.76480428,22.6800678,8.437394533,477.7,14.35216129,16.10185584,14.5,16.6,98,24.83313653,10,2.673133326,3.342802353,2.410895059,2.139001189,2.92498419,2.657035993,3.214084187,2.320497898,2.479838796,2.956802072,71.75683165,59.47184108,54.11610212,51.6,39.52725035,21.54231819,4.610524596,5.290940556,22.43795674,39.7,6.2,30.5,79.98601962,77.6,52,5.309238256,25.2,95983,17949,5.347540253,44.58871789,15.60585609,0
22081,Red River Parish,8477,36865,23.35731981,19.09873776,39.36534151,0.625221187,0.224135897,0.011796626,2.418308364,56.62380559,0.731284085,72.8,9.4,0.550847782,0.012515807,867,38,44.82717943,18,19,1,446,351,53,53.50772889,38.47711624,31.64556962,422.2,15.05039894,15.82454018,15.6,16.3,,,9,2.125024762,,1.916931019,,2.493801454,2.215202373,,2.001706246,,2.546360061,76.81940701,49.46516855,50.4027308,51.9,100,22.29647422,4.816069981,5.097647829,21.8837617,31.2,6.8,34.1,53.21746783,84.1,43,4.438383338,33.3,83417,13299,6.272426498,48.41498559,12.32091691,0
22083,Richland Parish,20192,35103,23.30625991,17.55150555,35.37044374,0.351624406,0.326862124,0.034667195,2.273177496,60.78645008,0.150955182,74.8,9.6,0.49886185,0.009116275,2391,53,26.24801902,16,37,0,939,1075,207,21.95992314,29.24438824,0,461.5,16.71210989,17.10564598,18.8,19.5,,,10,2.404384235,,2.053543689,,2.801406102,2.470581415,,2.239248859,,2.724331477,66.70204298,50.74679465,48.79970405,51.2,66.04583836,25.16674499,5.288189811,5.422271196,23.22691861,35.6,6.5,34.4,43.59951749,78.4,39,6.239480644,36.9,83058,14807,5.609373945,56.46551724,9.432717678,0
22085,Sabine Parish,24032,36423,23.58521971,20.72237017,16.66527963,9.175266312,0.432756325,0.045772304,3.96138482,67.34770306,0.252346379,76.4,9.4,0.528573503,0.008620068,2887,59,24.5505992,9,47,2,502,1442,865,22.89493767,28.08485211,5.844535359,450.5,14.55861754,15.28845117,11.4,13.7,,,13,2.719833996,,2.429371745,,2.894254997,2.513529423,,2.07875723,,2.754708318,64.13043478,45.46208184,30.20579974,50.6,88.19791194,20.33052406,4.750726452,4.943931888,20.95449574,45.8,7.1,36.8,26.25345603,93.3,44,5.183705184,30.1,82479,14380,5.735674548,38.87343533,9.571508069,0
22087,St. Bernard Parish,46721,43983,26.62614242,11.42954988,22.91260889,0.841163503,2.33727874,0.064210954,10.20954175,62.06844888,1.784615385,74.9,9,0.547282654,0.027877191,3964,49,10.48778922,15,33,0,912,2533,375,14.36093825,10.36497267,0,480.3,14.94835534,15.54467835,13.4,13.8,67,48.33671209,10,2.895100263,,2.626280324,2.837506394,3.019124303,2.900227011,,2.593289764,2.75185569,3.070685622,69.79734996,37.26883832,30.72674835,51,4.253837368,22.94613165,4.861640063,5.010841306,22.51784205,42.5,6.4,32.8,56.6036159,91,54,5.010502587,29.8,90342,18122,4.985211345,42.02341,15.81805838,0
22089,St. Charles Parish,52879,67585,24.43692203,13.56682237,25.98952325,0.433064165,1.104408177,0.049168857,6.301178162,64.86885153,0.790081439,77.8,9,0.949266563,0.019408916,5316,90,17.01998903,34,55,1,1402,3544,268,24.34309444,14.95581237,5.045408678,462.1,12.01307591,13.35137498,10.9,11,32,20.1827803,7,3.182214512,,2.764374616,3.405632032,3.35107356,3.106781617,,2.67931801,3.122683777,3.318598809,51.85105928,50.72707812,47.7860699,50.9,11.48920046,18.54210415,4.011759346,4.473375764,18.72447371,37.3,7,24.8,81.05153467,81.6,64,4.39075293,21.7,131645,28516,4.61653107,40.84939713,12.51008878,1
22091,St. Helena Parish,10262,38699,21.05827324,19.93763399,51.93919314,0.526213214,0.399532255,0.068212824,1.880725005,44.19216527,0.101688021,74.1,8.8,0.596623477,0.009991252,902,9,8.77022023,,,,651,320,63,0,0,0,502.3,17.01816056,17.18781417,11.4,20,12,38.53935832,10,2.140400789,,,,,1.900325115,,,,,88.48433531,13.45859525,13.41242635,51.8,100,26.77302318,5.344544666,5.357077041,23.91719357,32.4,6.6,31.1,18.67356958,73.9,37,6.56040656,35.3,95705,14697,6.511873171,56.88517378,12.39157373,0
22093,St. James Parish,21037,53903,22.56975805,17.16024148,48.84251557,0.251937063,0.389789419,0.019014118,1.673242383,48.25307791,0.134468848,76.1,9.5,0.656342967,0.01577809,1922,49,23.29229453,33,16,0,870,925,53,31.06759556,15.46640889,0,514.8,13.2051732,14.12015347,8.7,16.7,,,7,3.085719482,,2.923480532,,3.348245581,3.023654012,,2.805958681,,3.390788828,57.83963228,34.03318629,34.46429003,51.7,27.70337526,20.20737661,4.340387404,4.634968662,19.00695547,38.1,6.7,35.4,31.83874763,85.1,54,6.17561917,25,112680,18050,6.24265928,52.07990115,12.13836478,1
22095,St. John the Baptist Parish,43184,50830,24.58549463,14.22749166,57.04195999,0.481659874,1.146257873,0.171359763,6.337995554,33.97323083,0.861814242,74.6,9.2,0.674504934,0.016412701,3630,137,31.72471286,72,65,0,2084,1167,231,29.76190476,37.77751947,0,467.6,13.72978784,14.43628311,10,17.1,36,27.63788232,9,2.674190292,,2.591532202,2.619377457,3.128689538,2.562309238,,2.46014911,2.536144988,3.140164321,67.30290456,41.53840503,40.71186896,51.2,13.44612839,21.52610658,4.464648236,4.689541396,20.51601554,43.3,6.4,32,82.46015156,80.7,50,5.687083142,28.9,105985,20988,5.049790356,50.42576823,15.09925155,1
22097,St. Landry Parish,82764,36624,26.85950413,16.10361993,41.28002513,0.416847905,0.462761587,0.022956841,2.273935528,54.48987483,0.818322115,72.9,9.5,0.553329597,0.011687832,8591,250,30.20636992,91,159,0,3364,3865,804,26.51515152,33.89469196,0,525.3,16.1666214,17.25359538,14,19.9,34,13.59217091,10,2.658974801,,2.450145454,2.917740975,2.983421367,2.509424285,,2.280247827,2.82799316,2.887734883,51.36946807,42.69655117,40.94461579,51.7,48.17231124,24.850129,5.105514865,5.603389757,24.39896934,33.7,6.2,31.9,51.82529022,69.1,40,6.23806094,46.6,78107,12054,6.479757757,46.55716993,16.16609224,0
22099,St. Martin Parish,53621,46229,24.20320397,15.02582943,29.74953843,0.703082747,0.939930251,0.027974115,2.987635441,64.57544619,1.419938975,75.8,9.6,0.533726301,0.012411252,5059,115,21.44682121,44,71,0,1691,2719,572,27.95958569,19.96906202,0,515.8,14.03958674,14.73052461,15.1,14.5,16,9.888812663,10,2.860927373,,2.617021737,,3.129673614,2.971035998,,2.713317823,,3.263668346,69.4683103,27.28696557,23.67578872,50.8,49.57055215,19.89515059,4.573613309,4.80884375,21.50437653,36.9,7.8,32.5,59.93673313,83.7,48,5.23684093,27.5,97937,19044,5.142669607,37.95369451,11.44265698,0
22101,St. Mary Parish,49774,39764,23.83774662,16.55884598,31.3657733,2.286334231,1.663519106,0.084381404,7.140274039,56.17189697,2.156451713,75.4,9,0.53509655,0.012409272,4574,132,26.51986981,60,68,4,1455,2104,662,37.13330858,21.81654849,9.076469253,513.2,15.31531945,15.39724371,15.5,17.2,33,21.59120649,11,3.150823929,,2.764323946,3.104351373,3.458393573,3.007132544,,2.559937884,3.009745502,3.341972393,60.99251146,40.91566189,40.47083769,50.7,13.03934126,23.92194192,4.948700141,5.04692804,21.57765947,38,6.2,36.6,89.14181153,88.2,34,6.591056061,28.8,79371,17199,4.614861329,44.02043749,13.88544508,0
22103,St. Tammany Parish,258111,67054,23.98851657,16.92837578,12.25286795,0.554412636,1.476883976,0.050365928,5.738228902,78.38449349,1.674890571,78.6,9.3,0.55024082,0.013288468,25155,517,20.03014207,63,449,3,3634,18918,1667,21.13881153,21.47061777,2.278423331,497.8,12.19523807,13.74991947,11.2,9.2,242,31.50877559,9,3.274324778,3.519096012,2.863384334,2.896953266,3.398515589,3.102962315,3.515107454,2.680408201,2.72189129,3.222269408,42.44593,43.80399443,36.84547596,51.5,23.21810559,16.28533331,4.08798896,4.724847256,17.70928058,30.2,8.4,22.3,81.31299735,82.8,69,4.188481675,17,131771,27469,4.797080345,30.57349968,13.01518438,0
22105,Tangipahoa Parish,133777,47128,24.48926198,14.37466829,30.06421134,0.416364547,0.758725341,0.063538575,4.376686575,63.13491856,0.918370718,74.6,8.9,0.632577704,0.01359375,12389,288,21.52836437,80,205,3,3878,6996,921,20.72914777,23.40663607,6.93000693,467,14.38240672,15.64060422,10.4,16.2,120,30.22791851,10,2.611283039,,2.245298,2.583577597,3.001878672,2.442953339,,2.132989195,2.651972566,2.771933112,46.71540258,34.64168985,32.46933734,51.6,40.92917248,22.13936065,4.571584174,5.036266428,22.02475615,38.7,6.7,33.7,67.89350686,70.6,52,5.480838224,24.3,96996,17407,5.572241053,45.20089638,17.88582592,0
22107,Tensas Parish,4462,28962,22.90452712,24.40609592,53.89959659,0.201703272,0.201703272,0,2.196324518,42.29045271,0.09163803,75.1,9.2,0.455752515,0.00818829,358,8,17.92917974,,,,217,113,16,0,0,0,362.7,21.36628115,21.0132251,19.4,25.7,,,11,2.322265081,,,,,2.164090799,,,,,91.77820268,37.5691636,38.46081876,51.6,100,34.95535372,6.406760112,6.176624976,28.47731875,30.7,4.4,33.2,15.30845392,84,26,7.739726027,47.7,54429,9855,5.522983257,58.37789661,12.62886598,0
22109,Terrebonne Parish,111021,51665,25.30151953,14.39727619,18.95587321,6.061916214,1.13311896,0.110789851,5.06750975,66.67387251,1.681476026,75.6,8.7,0.518297994,0.016598326,9915,219,19.72599778,55,155,9,2307,6075,960,25.47711692,19.46918217,7.904444054,509.3,14.38319006,15.59367676,11.4,14.1,108,32.11160567,12,2.939871014,3.182250219,2.604461949,2.655855454,3.165693655,2.780236216,2.993191293,2.381229616,2.58878956,3.055769928,53.87653764,33.18979185,29.17514358,50.8,20.62846415,20.85500197,4.600506495,5.114466821,22.29123563,41.6,7,31.1,80.71070982,82.4,46,5.003015162,22.6,104576,18951,5.518231228,39.67679607,13.4086629,0
22111,Union Parish,22330,43584,21.8898343,20.55530676,24.84997761,0.546350202,0.26421854,0.067174205,4.590237349,69.18943126,0.963400236,75.5,9.8,0.565993024,0.009608045,2351,77,34.48275862,34,41,2,831,1092,326,60.77940651,25.58342693,23.39181287,451.1,14.19276401,15.21691417,16.3,14.6,,,10,2.705158319,,2.071328294,2.625809168,3.036325903,2.805259899,,2.452112672,2.682358843,2.981941604,58.41878928,46.14504581,46.0020692,50.5,82.91008318,20.66814716,4.642961335,4.954710642,19.36931099,38.1,7.2,31.9,39.69895691,64.8,36,5.670272042,29.5,90921,14707,6.182158156,36.92338956,11.77547285,0
22113,Vermilion Parish,59830,48263,25.45378573,15.22981782,14.15677754,0.431221795,2.109309711,0.02172823,3.670399465,78.38375397,1.838202328,76.8,9.4,0.59741126,0.011418692,5153,116,19.38826676,18,90,4,897,3332,587,20.35968782,18.46797858,17.44439599,487.6,14.29101877,15.29335364,9.8,13,26,14.43073525,11,3.133571846,,2.632252133,2.59658823,3.312576485,3.063884545,,2.454319542,2.918827311,3.254048275,39.83421812,50.44848337,49.21166653,51.6,54.62163141,20.81631301,4.704208987,5.11110213,20.42132765,38.8,8.1,33.6,59.64585596,93.5,45,5.273598942,25.2,100475,20190,4.976473502,33.80983607,13.61232467,0
22115,Vernon Parish,48860,47664,24.8239869,12.19607041,13.82726156,1.616864511,2.05280393,0.499386001,9.381907491,70.04707327,0.586862002,74.9,9.5,0.662031435,0.010080374,2991,101,20.67130577,11,90,0,414,1696,567,14.79091031,23.28710412,0,510.7,14.01480999,14.84178871,13,14.3,21,13.98554827,8,3.237921184,,3.074185356,3.055947552,3.278999201,3.085908237,,2.837705756,3.06890848,3.128180259,60.67873303,47.98587272,40.1812762,46.7,49.8968166,19.88470052,4.644145283,4.934957281,20.29266779,35.4,6.2,31.6,66.26858257,90.8,59,6.589775561,23.6,90054,20966,4.295239912,29.63426071,10.98931984,0
22117,Washington Parish,46582,36850,24.11231806,17.93611266,30.11034305,0.457258168,0.283371259,0.02146752,2.449443991,65.42655962,2.139823212,72.5,9.1,0.593201785,0.012290119,4299,128,27.47842514,45,83,0,1210,2353,528,32.17273182,26.65895805,0,491.7,16.2109666,16.53751087,23,17.7,93,66.65472138,10,2.63889459,,2.362744683,,2.897454243,2.338418092,,2.121334493,,2.545154167,72.09750723,38.68048224,37.15735178,50.6,66.6744403,26.11445318,5.180411583,5.250988951,23.23606837,42.8,7,36.8,39.37839213,81.57074762,40,5.74992575,36.7,75832,13186,5.750947975,53.09710818,16.09951387,0
22119,Webster Parish,38798,35070,22.63003248,19.75875045,34.00948503,0.556729728,0.435589463,0.025774525,1.992370741,61.72740863,0.107709293,73.6,9.9,0.567155571,0.012087264,4020,109,28.09423166,42,65,2,1397,1931,524,30.95518868,25.81516343,22.62443439,506.7,16.24025449,17.08061663,14.4,18.6,,,9,2.544846587,,2.103747145,,2.879351288,2.617192422,,2.23311645,,2.922014219,43.62437691,35.2778227,34.9501552,51.4,53.04195889,23.43071078,5.129498287,5.443905068,22.964288,32.9,5.9,31,50.99861674,76.6,49,6.11535315,34.5,64744,14575,4.44212693,41.30265644,15.72287251,0
22121,West Baton Rouge Parish,26427,58205,24.44848072,13.64891967,39.37639535,0.238392553,0.715177659,0.056760132,3.216407462,55.30707231,0.328141225,78.1,9,0.93880414,0.026024501,2709,57,21.56885004,36,21,0,1144,1241,181,34.88372093,13.99253731,0,499.8,13.2280022,14.16708675,9.1,14.9,12,15.28915617,7,3.058686692,,,,,2.79069501,,,,,67.41370428,27.65092603,27.70504979,50.6,30.46073651,19.83717815,4.360122601,4.695299351,20.02215404,37.9,7.4,20.8,73.57911552,74.3,57,4.442637493,20,123098,23602,5.215574951,47.59923175,13.50621286,1
22123,West Carroll Parish,10982,39332,23.06501548,19.03114187,15.6164633,0.855946094,0.318703333,0.027317429,3.961027135,78.47386633,0.122676229,74.3,9.6,0.437520603,0.007734212,1168,41,37.33381898,6,34,1,175,423,542,33.33333333,37.8113879,25.77319588,475.6,14.80181016,15.66150447,24.8,16.6,,,11,2.724291863,,2.224246287,,2.88061238,2.576061426,,2.225568699,,2.671765963,91.85875429,19.26360777,13.55961106,49.1,100,21.21570143,4.830642558,4.981808691,21.27797866,46.8,7.3,29.4,33.28162703,93.3,36,9.203084833,34,90200,16105,5.60074511,35.05747126,5.495818399,0
22125,West Feliciana Parish,15460,60296,16.17076326,15.02587322,44.27554981,0.174644243,0.265200518,0.038809832,1.558861578,52.93661061,0.48797018,77.9,9,0.521375376,0.011423238,1144,33,21.3454075,18,15,0,518,413,300,26.44336712,18.19725828,0,482.1,13.55883243,13.7958146,8.4,14.4,,,7,3.134358148,,2.760672878,,3.333443988,2.949912994,,2.622361703,,3.136908983,49.68210718,35.86484515,35.05489769,34.6,100,20.84828416,4.456674381,4.532396976,21.89836709,21.8,6.3,14.2,14.9952,90.9,46,3.974503187,19.3,127000,19789,6.417706807,42.89090193,13.27319588,0
22127,Winn Parish,14134,40133,20.99900948,18.5793123,30.61412198,0.87024197,0.240554691,0.021225414,2.186217631,64.64553559,0.189684103,74.1,9.4,0.587350152,0.00827859,1518,43,30.42309325,13,29,1,391,735,257,28.36569932,30.15179871,34.12969283,455.3,16.06779949,16.44922282,22.1,19,,,9,2.609050035,,2.199660076,,2.859956654,2.602268097,,2.120619734,,2.87457005,74.63543968,38.7716696,36.04757165,46.4,64.89257494,24.42104522,5.135487795,5.204631292,22.92733809,37.3,6,26.5,80.2716646,85.1,37,6.274111675,28.7,82780,15241,5.431402139,40.68076669,9.834558824,0
